{
  "bookGuiScale": 0,
  "clickedVisualize": false,
  "bookData": {
    "botania:lexicon": {
      "viewedEntries": [
        "botania:basics/pure_daisy",
        "botania:basics/apothecary",
        "botania:basics/wand",
        "botania:basics/black_lotus",
        "botania:basics/flower_bag",
        "botania:basics/welcome",
        "botania:challenges/welcome",
        "botania:challenges/battery",
        "botania:challenges/orechid",
        "botania:misc/dispenser_tweaks",
        "botania:misc/blaze_block",
        "botania:misc/shiny_flowers",
        "botania:misc/pavement",
        "botania:misc/preventing_decay",
        "botania:tools/obedience_stick",
        "botania:mana/manastar",
        "botania:generating_flowers/intro",
        "botania:generating_flowers/hydroangeas",
        "botania:generating_flowers/endoflame",
        "botania:mana/spreader",
        "botania:basics/lexicon"
      ],
      "bookmarks": [],
      "completedManualQuests": []
    }
  }
}