{
  "generic": {
    "debug": false,
    "fallbackLanguageList": [
      "en_us"
    ],
    "openConfigGui": {
      "keys": "M,A,G"
    }
  },
  "test": {
    "stringConfig": "string",
    "colorConfig": "#00000000",
    "booleanConfig": false,
    "optionListConfig": "always",
    "sodiumTest": false,
    "doubleConfig": 0.1,
    "intConfig": 0,
    "stringListConfig": [
      "test1",
      "test2"
    ],
    "booleanHotkeyConfig": {
      "enabled": false,
      "hotkey": {
        "keys": ""
      }
    },
    "testConfigBoolean": false,
    "testConfigBooleanHotkeyed": {
      "enabled": false,
      "hotkey": {
        "keys": ""
      }
    },
    "testConfigColor": "#00000000",
    "testConfigDouble": 1.0,
    "testConfigHotkey": {
      "keys": ""
    },
    "testConfigHotkeyWithSwitch": {
      "keys": "",
      "enabled": false
    },
    "testConfigInteger": 1,
    "testConfigOptionList": "test_b",
    "testConfigOptionListHotkeyed": {
      "value": "test_b",
      "keybind": ""
    },
    "testConfigString": "test",
    "testConfigStringList": [
      "test1",
      "test2"
    ],
    "testDependencies": false,
    "testDependenciesComposite": false
  },
  "configVersion": 1,
  "debug": {
    "debug": false,
    "hideUnavailableConfigs": true,
    "resetAllConfigStatistic": {
      "keys": ""
    },
    "resetMagicLibConfigStatistic": {
      "keys": ""
    }
  },
  "internal": {
    "configStatistic": {
      "openConfigGui": {
        "lastUsedTime": 0,
        "useAmount": 0
      },
      "debug": {
        "lastUsedTime": 0,
        "useAmount": 0
      },
      "hideUnavailableConfigs": {
        "lastUsedTime": 0,
        "useAmount": 0
      },
      "resetAllConfigStatistic": {
        "lastUsedTime": 0,
        "useAmount": 0
      },
      "resetMagicLibConfigStatistic": {
        "lastUsedTime": 0,
        "useAmount": 0
      },
      "testConfigBoolean": {
        "lastUsedTime": 0,
        "useAmount": 0
      },
      "testConfigBooleanHotkeyed": {
        "lastUsedTime": 0,
        "useAmount": 0
      },
      "testConfigColor": {
        "lastUsedTime": 0,
        "useAmount": 0
      },
      "testConfigDouble": {
        "lastUsedTime": 0,
        "useAmount": 0
      },
      "testConfigHotkey": {
        "lastUsedTime": 0,
        "useAmount": 0
      },
      "testConfigHotkeyWithSwitch": {
        "lastUsedTime": 0,
        "useAmount": 0
      },
      "testConfigInteger": {
        "lastUsedTime": 0,
        "useAmount": 0
      },
      "testConfigOptionList": {
        "lastUsedTime": 0,
        "useAmount": 0
      },
      "testConfigOptionListHotkeyed": {
        "lastUsedTime": 0,
        "useAmount": 0
      },
      "testConfigString": {
        "lastUsedTime": 0,
        "useAmount": 0
      },
      "testConfigStringList": {
        "lastUsedTime": 0,
        "useAmount": 0
      },
      "testDependencies": {
        "lastUsedTime": 0,
        "useAmount": 0
      },
      "testDependenciesComposite": {
        "lastUsedTime": 0,
        "useAmount": 0
      }
    },
    "global": {
      "config_version": 0
    },
    "config_gui": {
      "category": "all",
      "sortingStrategy": "ALPHABET"
    }
  },
  "external": {}
}