{
  "#README": "This config file does not support comments. To see them configure it in-game using YACL or Cloth Config",
  "general": {
    "max_map_count": 512,
    "accept_paper_for_empty_maps": false,
    "require_empty_maps_to_expand": true,
    "map_entry_value_multiplier": 1,
    "pity_activation_map_count": 9,
    "enable_empty_map_entry_and_fill": true,
    "activation_locations": "HOTBAR_AND_HANDS",
    "creative_teleport": true,
    "pin_marked_id": "map_atlases:pin",
    "light_map": false
  },
  "update_logic": {
    "round_robin": false,
    "map_updates_per_tick": 1,
    "multithreaded_update": "SINGLE_PLAYER_ONLY",
    "debug_map_updates": false,
    "markers_update_period": 10
  }
}