{
  "最长持续时间": 3000,
  "起始比例": 1.0,
  "终止比例": 0.29411764705882354,
  "背景颜色": -872415232,
  "缩放": 1.0,
  "底部边距": 30.0,
  "侧边边距": 1.0,
  "iKun彩蛋": true,
  "基本颜色设置": {
    "环境": "深蓝色",
    "方块": {
      "通用": "白色",
      "互动": "天蓝色",
      "运作": "湖蓝色",
      "危险方块": "红色",
      "农作物": "深绿色",
      "方块_其它": "深灰色"
    },
    "魔咒": "紫色",
    "实体": {
      "生物": {
        "玩家": {
          "攻击": "金色",
          "受伤": "深红色",
          "玩家_其它": "白色"
        },
        "被动生物": "绿色",
        "中立生物": "黄色",
        "敌对生物": "红色",
        "头目生物": "粉红色"
      },
      "载具": "灰色",
      "弹射物": "金色",
      "爆炸物": "红色",
      "装饰品": "灰色",
      "实体_其它": "深灰色"
    },
    "物品": {
      "武器": "金色",
      "防具": "深绿色",
      "工具": "蓝色",
      "物品_其它": "白色"
    },
    "其它": "白色"
  },
  "自定义列表": []
}